{
  "best_epoch": 2,
  "peak_cpu_memory_MB": 0,
  "training_duration": "10:12:14.854615",
  "training_start_epoch": 0,
  "training_epochs": 2,
  "epoch": 2,
  "training_coref_precision": 0.7391669552144374,
  "training_coref_recall": 0.505016937083628,
  "training_coref_f1": 0.5989842663667987,
  "training_mention_recall": 0.8771665592783505,
  "training_loss": 42.83806441065765,
  "training_cpu_memory_MB": 0.0,
  "validation_coref_precision": 0.7358283144099774,
  "validation_coref_recall": 0.5943757825655811,
  "validation_coref_f1": 0.657293603619411,
  "validation_mention_recall": 0.9053227110033484,
  "validation_loss": 39.64168109226227,
  "best_validation_coref_precision": 0.7358283144099774,
  "best_validation_coref_recall": 0.5943757825655811,
  "best_validation_coref_f1": 0.657293603619411,
  "best_validation_mention_recall": 0.9053227110033484,
  "best_validation_loss": 39.64168109226227
}