{
  "best_epoch": 3,
  "peak_cpu_memory_MB": 0,
  "training_duration": "13:35:14.936837",
  "training_start_epoch": 0,
  "training_epochs": 3,
  "epoch": 3,
  "training_coref_precision": 0.7483062845860925,
  "training_coref_recall": 0.5344950476997483,
  "training_coref_f1": 0.6225442265135586,
  "training_mention_recall": 0.893298969072165,
  "training_loss": 40.44672942887391,
  "training_cpu_memory_MB": 0.0,
  "validation_coref_precision": 0.7522023837418712,
  "validation_coref_recall": 0.607297137180128,
  "validation_coref_f1": 0.6717254866688375,
  "validation_mention_recall": 0.9149443867143902,
  "validation_loss": 37.82639278411865,
  "best_validation_coref_precision": 0.7522023837418712,
  "best_validation_coref_recall": 0.607297137180128,
  "best_validation_coref_f1": 0.6717254866688375,
  "best_validation_mention_recall": 0.9149443867143902,
  "best_validation_loss": 37.82639278411865
}