{
  "best_epoch": 1,
  "peak_cpu_memory_MB": 0,
  "training_duration": "6:48:42.416813",
  "training_start_epoch": 0,
  "training_epochs": 1,
  "epoch": 1,
  "training_coref_precision": 0.7210958808642324,
  "training_coref_recall": 0.45741571458389085,
  "training_coref_f1": 0.5585726436504831,
  "training_mention_recall": 0.8587145618556701,
  "training_loss": 46.86971904760407,
  "training_cpu_memory_MB": 0.0,
  "validation_coref_precision": 0.7280671058401236,
  "validation_coref_recall": 0.5694175140002772,
  "validation_coref_f1": 0.6386059827525971,
  "validation_mention_recall": 0.8889273755917331,
  "validation_loss": 41.14088886928558,
  "best_validation_coref_precision": 0.7280671058401236,
  "best_validation_coref_recall": 0.5694175140002772,
  "best_validation_coref_f1": 0.6386059827525971,
  "best_validation_mention_recall": 0.8889273755917331,
  "best_validation_loss": 41.14088886928558
}