{
  "best_epoch": 0,
  "peak_cpu_memory_MB": 0,
  "training_duration": "3:23:40.342746",
  "training_start_epoch": 0,
  "training_epochs": 0,
  "epoch": 0,
  "training_coref_precision": 0.7005628465143774,
  "training_coref_recall": 0.3020783885210487,
  "training_coref_f1": 0.42114825394905325,
  "training_mention_recall": 0.7149565077319587,
  "training_loss": 49.76236312834005,
  "training_cpu_memory_MB": 0.0,
  "validation_coref_precision": 0.7159860145938169,
  "validation_coref_recall": 0.5141458478470372,
  "validation_coref_f1": 0.5981311316648982,
  "validation_mention_recall": 0.8706846784435978,
  "validation_loss": 46.66018852901459,
  "best_validation_coref_precision": 0.7159860145938169,
  "best_validation_coref_recall": 0.5141458478470372,
  "best_validation_coref_f1": 0.5981311316648982,
  "best_validation_mention_recall": 0.8706846784435978,
  "best_validation_loss": 46.66018852901459
}